Country of domicile,ISO-3,Year,Number of Undergraduate Students,GDP per Capita,Tertiary Education Enrollment,Tertiary Expenditure,GINI,HDI,Distance,Population,Students normalised
Albania,ALB,2014,10,11586.8637666424,65.7829666137695,,34.6,0.787,1868,2889104.0,0.000697101938871013
Albania,ALB,2015,5,11878.4880933446,62.0076217651367,21.15599,32.9,0.788,1868,2880703.0,0.000699482036155758
Albania,ALB,2016,5,12291.8733773928,58.3818511962891,19.09854,33.7,0.788,1868,2876101.0,0.000700948958329349
Albania,ALB,2017,10,12770.9750370811,57.3752593994141,18.85009,33.2,0.79,1868,2873457.0,0.000701941946582113
Albania,ALB,2018,5,13323.7533559132,54.9613304138184,,,0.792,1868,2866376.0,0.000704024873219703
Albania,ALB,2019,5,13671.4884222978,59.7784996032715,,,0.795,1868,2854191.0,0.000707380830505036
Algeria,DZA,2019,5,11510.5570882585,52.6199417114258,,,0.748,1678,43053054.0,0.0000468956278920422
Argentina,ARG,2017,5,23597.117752839,89.9585189819336,22.08034,41.1,0.843,11052,44044811.0,0.0000457942707484884
Argentina,ARG,2018,5,22759.3985583341,91.6006011962891,,41.3,0.842,11052,44494502.0,0.0000453539181088036
Argentina,ARG,2019,5,22063.9043717551,95.4479064941406,,42.9,0.845,11052,44938712.0,0.0000449278564103039
Armenia,ARM,2014,10,11019.838784895,47.0821914672852,13.62262,31.5,0.764,3599,2912403.0,0.000691525176975851
Armenia,ARM,2015,5,11321.3325403745,46.521800994873,12.68896,32.4,0.768,3599,2925559.0,0.000688757259723697
Armenia,ARM,2017,5,12115.1392902637,52.2515296936035,12.99242,33.6,0.769,3599,2944789.0,0.000684938717171247
Armenia,ARM,2018,5,12715.1089539751,54.5704803466797,,34.4,0.771,3599,2951741.0,0.000683664318786777
Armenia,ARM,2019,5,13653.7633812861,51.4875297546387,,29.9,0.776,3599,2957728.0,0.000682618550454944
Australia,AUS,2014,15,47289.9646101072,,26.53865,34.4,0.933,16956,23475686.0,0.0000857908902001841
Australia,AUS,2015,20,47636.319641906,118.610862731934,28.85535,,0.938,16956,23815995.0,0.0000846070046622029
Australia,AUS,2016,25,48197.431189174,120.965713500977,26.82461,,0.939,16956,24190907.0,0.0000833370985221844
Australia,AUS,2017,25,48482.6474614392,113.142158508301,,,0.941,16956,24601860.0,0.0000819856710021112
Australia,AUS,2018,25,49151.6887104846,107.808052062988,,,0.943,16956,24982688.0,0.0000807759357199674
Australia,AUS,2019,30,49455.5385080697,115.952041625977,,,0.944,16956,25365745.0,0.0000795955332674045
Austria,AUT,2014,40,52857.0563215416,79.1586990356445,32.51695,30.5,0.913,1211,8546356.0,0.000235655991863667
Austria,AUT,2015,55,52798.0994607541,80.7194213867188,32.63359,30.5,0.915,1211,8642699.0,0.000233144761838865
Austria,AUT,2016,55,53269.3062047537,83.454948425293,32.48871,30.8,0.917,1211,8736668.0,0.000230751586302696
Austria,AUT,2017,55,54169.9639937065,85.0571365356445,,29.7,0.919,1211,8797566.0,0.00022926795888772
Austria,AUT,2018,45,55297.6182880367,86.688346862793,,30.8,0.921,1211,8840521.0,0.000228267089688492
Austria,AUT,2019,50,55833.3156857561,86.4755325317383,,,0.922,1211,8879920.0,0.000227366913215434
Azerbaijan,AZE,2014,20,14875.7816413327,23.1597309112549,,,0.740,3969,9535079.0,0.00021122006435395
Azerbaijan,AZE,2015,20,14853.9105525729,25.4832000732422,12.81609,,0.744,3969,9649341.0,0.000208822550679886
Azerbaijan,AZE,2016,25,14238.7841366188,25.926420211792,17.08263,,0.751,3969,9757812.0,0.000206603693532935
Azerbaijan,AZE,2017,20,14121.4069355591,27.0674095153809,16.40216,,0.754,3969,9854033.0,0.000204687765912698
Azerbaijan,AZE,2018,15,14209.6494059309,27.7084999084473,,,0.754,3969,9939771.0,0.000203022785937423
Azerbaijan,AZE,2019,10,14439.3014032972,31.5401992797852,,,0.756,3969,10024283.0,0.00020141091387783
Bahrain,BHR,2014,5,48201.1571717366,41.3292388916016,,,0.820,5104,1336073.0,0.00150740266437537
Bahrain,BHR,2015,10,48110.7341930587,43.275749206543,,,0.848,5104,1371853.0,0.00146881626529956
Bahrain,BHR,2016,10,47937.7090620549,46.5661392211914,,,0.853,5104,1425793.0,0.00141394999133815
Bahrain,BHR,2017,10,47709.7780156397,47.145881652832,,,0.854,5104,1494077.0,0.00134999735622729
Bahrain,BHR,2018,5,46200.445580954,50.4818992614746,,,0.852,5104,1569440.0,0.0012858089509634
Bahrain,BHR,2019,10,45060.4237448845,55.6285095214844,,,0.852,5104,1641164.0,0.00123022440170513
Bangladesh,BGD,2014,15,3511.64550625961,13.8650798797607,,,0.579,8051,154517385.0,0.0000130341320492836
Bangladesh,BGD,2015,20,3700.11082057504,13.7874097824097,,,0.595,8051,156256287.0,0.000012895481127105
Bangladesh,BGD,2016,10,3920.14450723583,17.8743591308594,33.27739,32.4,0.606,8051,157977151.0,0.000012761339138215
Bangladesh,BGD,2017,15,4160.70332471531,18.151460647583,,,0.616,8051,159685421.0,0.0000126310842115011
Bangladesh,BGD,2018,15,4440.85547046826,20.5650691986084,,,0.625,8051,161376713.0,0.0000125049021168252
Bangladesh,BGD,2019,15,4753.72659686814,24.0168895721436,,,0.632,8051,163046173.0,0.0000123829953371552
Barbados,BRB,2015,5,15382.7656890531,,,,0.809,6770,285327.0,0.00706207263946279
Barbados,BRB,2016,5,15738.0786618241,,31.08689,,0.811,6770,285798.0,0.00705393319757311
Barbados,BRB,2017,5,15789.0411622149,,28.54073,,0.81,6770,286229.0,0.00704680518046739
Barbados,BRB,2018,5,15674.9043195592,,,,0.81,6770,286640.0,0.00704018978509629
Belarus,BLR,2014,5,19066.8868190919,91.5001602172852,16.89418,27.2,0.814,1880,9474511.0,0.000212570337403165
Belarus,BLR,2015,5,18307.5196678406,89.5671615600586,16.75625,25.6,0.814,1880,9489616.0,0.000212337359067005
Belarus,BLR,2016,5,17822.6065945418,88.1845779418945,16.10117,25.3,0.815,1880,9501534.0,0.000212176265432508
Belarus,BLR,2017,10,18280.1989190642,88.4514312744141,16.47839,25.4,0.819,1880,9498264.0,0.000212354594481686
Belarus,BLR,2018,10,18885.2354999668,87.4290924072266,,25.2,0.823,1880,9483499.0,0.000212790658806417
Belarus,BLR,2019,5,19283.1171477055,93.3963165283203,,25.3,0.823,1880,9417849.0,0.000214380162604009
Belgium,BEL,2014,65,48747.6770466387,72.9973983764648,22.49618,28.1,0.918,313,11209057.0,0.000179676131542555
Belgium,BEL,2015,75,49455.4413365318,74.5597610473633,22.12875,27.7,0.922,313,11274196.0,0.000178726713638826
Belgium,BEL,2016,70,49828.9629137518,75.8906402587891,22.2845,27.6,0.924,313,11331422.0,0.00017791235733697
Belgium,BEL,2017,70,50442.2705419623,79.6617279052734,,27.4,0.929,313,11375158.0,0.000177316218376923
Belgium,BEL,2018,80,51110.9584679336,78.9011688232422,,27.2,0.93,313,11427054.0,0.000176598447858914
Belgium,BEL,2019,80,51742.7263830791,80.1381683349609,,,0.931,313,11488980.0,0.000175733616039022
Bermuda,BMU,2014,5,77361.1048812589,28.2364902496338,18.23369,,,5324,65138.0,0.0309189720286162
Bermuda,BMU,2015,5,77842.7539032209,25.1421203613281,,,,5324,65237.0,0.0308873798611218
Bermuda,BMU,2016,5,78149.352535184,,,,,5324,64554.0,0.0312296681847755
Bermuda,BMU,2017,5,81834.9558735543,17.8335494995117,16.98494,,,5324,63873.0,0.0315782881655786
Bermuda,BMU,2018,5,81422.1346003442,19.0272598266602,,,,5324,63919.0,0.0315712073092508
Bermuda,BMU,2019,5,81804.2656772398,,,,,5324,63913.0,0.0315898174080391
Botswana,BWA,2014,5,17264.3958032611,27.3073101043701,,,0.711,8721,2088619.0,0.000964273522360948
Botswana,BWA,2015,5,16714.3978216526,30.2393398284912,,53.3,0.717,8721,2120716.0,0.00095015079812667
Botswana,BWA,2016,10,17117.272788253,25.9108695983887,,,0.720,8721,2159925.0,0.000933365741866037
Botswana,BWA,2017,15,17253.6874951645,24.8599700927734,,,0.726,8721,2205076.0,0.000914707701684658
Botswana,BWA,2018,20,17634.6561910867,26.7171192169189,,,0.73,8721,2254067.0,0.000895270637474396
Botswana,BWA,2019,15,17776.8083134036,25.0813903808594,,,0.735,8721,2303703.0,0.000876415058711995
Brazil,BRA,2014,20,15749.5121636511,50.1764488220215,19.27436,52.1,0.756,8686,202763744.0,0.00000993274221647831
Brazil,BRA,2015,15,15064.1760689478,51.3200416564941,21.454,51.9,0.756,8686,204471759.0,0.00000985466164058382
Brazil,BRA,2016,20,14451.1528421912,50.734489440918,,53.3,0.758,8686,206163056.0,0.00000977866761928481
Brazil,BRA,2017,15,14524.6135408175,51.5707092285156,,53.3,0.761,8686,207833825.0,0.00000970486878158548
Brazil,BRA,2018,15,14668.2561636292,53.2573509216309,,53.9,0.762,8686,209469320.0,0.00000963386905538243
Brazil,BRA,2019,15,14763.8716968734,55.1362991333008,,53.4,0.765,8686,211049519.0,0.0000095664752498204
Brunei,BRN,2014,20,64190.8241471541,,,,0.838,11276,409778,0.0049148563368458
Brunei,BRN,2015,20,63147.4834900843,,,,0.838,11276,414914,0.00485642807907181
Brunei,BRN,2016,15,60867.2918657417,,,,0.839,11276,419791,0.00480238976061897
Brunei,BRN,2017,15,60994.5315563275,,,,0.838,11276,424481,0.00475168499885743
Brunei,BRN,2018,15,60389.1846472589,,,,0.836,11276,428960,0.00470440134278254
Brunei,BRN,2019,10,62098.0113423415,,,,0.838,11276,433296,0.00465963221446771
Bulgaria,BGR,2014,30,18747.370050962,67.5635604858398,,37.4,0.806,2020,7223938.0,0.000278795305275322
Bulgaria,BGR,2015,55,19620.1539761978,70.3015365600586,,38.6,0.809,2020,7177991.0,0.000280719215167587
Bulgaria,BGR,2016,70,20513.10095142,71.2457427978516,,40.6,0.811,2020,7127822.0,0.000282835345776031
Bulgaria,BGR,2017,90,21387.2766420381,71.0306625366211,,40.4,0.811,2020,7075947.0,0.000285050184802119
Bulgaria,BGR,2018,95,22208.4522754771,71.5215225219727,,41.3,0.813,2020,7025037.0,0.000287258273515143
Bulgaria,BGR,2019,95,23191.5745846967,73.3791732788086,,,0.816,2020,6975761.0,0.000289430787551351
Canada,CAN,2014,70,47564.609109622,65.612907409668,,33.2,0.918,5401,35437435.0,0.0000568325557422539
Canada,CAN,2015,60,47522.1406673151,64.7869567871094,,33.7,0.921,5401,35702908.0,0.0000564379797858483
Canada,CAN,2016,50,47457.5853457244,66.4391784667969,,32.7,0.923,5401,36109487.0,0.0000558302032925585
Canada,CAN,2017,70,48317.0965785817,68.9225082397461,,33.3,0.926,5401,36545295.0,0.0000551917832377602
Canada,CAN,2018,75,48796.8137814007,70.1130218505859,,,0.928,5401,37065178.0,0.0000544446326414512
Canada,CAN,2019,95,49006.7431073981,75.6988220214844,,,0.929,5401,37593384.0,0.0000537062585267663
China,CHN,2014,960,11917.3384959933,42.4307289123535,,39.2,0.731,8225,1364270000.0,0.00000147624737038856
China,CHN,2015,1125,12691.8215526921,46.0404281616211,,38.6,0.739,8225,1371220000.0,0.00000146949431892767
China,CHN,2016,1285,13487.8224816787,48.0190200805664,,38.5,0.746,8225,1378665000.0,0.00000146228416620426
China,CHN,2017,1665,14344.4212394424,49.0732612609863,,,0.75,8225,1386395000.0,0.00000145485233284886
China,CHN,2018,2090,15242.9858575834,50.6044387817383,,,0.755,8225,1392730000.0,0.00000144895277620214
China,CHN,2019,2685,16092.300767051,53.7649116516113,,,0.761,8225,1397715000.0,0.00000144450048829697
Colombia,COL,2016,5,14194.515663803,55.4842491149902,22.97659,50.6,0.760,8507,48175048.0,0.0000418473895448947
Colombia,COL,2017,5,14171.3205005648,56.4340286254883,22.49238,49.7,0.763,8507,48909844.0,0.0000412391419608699
Colombia,COL,2018,5,14314.8555765268,55.3274917602539,23.31461,50.4,0.764,8507,49661056.0,0.0000406354629269261
Colombia,COL,2019,5,14585.3024908488,54.9765205383301,,51.3,0.767,8507,50339443.0,0.0000401077143424094
Croatia,HRV,2014,5,23782.5024628678,67.5102310180664,,32.1,0.835,1346,4238389.0,0.000475180546193377
Croatia,HRV,2015,5,24562.453617545,66.4910202026367,,31.1,0.840,1346,4203604.0,0.000479350576314991
Croatia,HRV,2016,10,25599.8436234435,66.5323791503906,,30.9,0.841,1346,4174349.0,0.000482949556924924
Croatia,HRV,2017,10,26800.118975807,67.8655624389648,,30.4,0.845,1346,4124531.0,0.000489025297664147
Croatia,HRV,2018,10,27799.8433225132,67.6542282104492,,29.7,0.848,1346,4087843.0,0.000493658880734901
Croatia,HRV,2019,10,28753.5162699607,67.7217483520508,,,0.851,1346,4065253.0,0.000496648056098846
Cyprus,CYP,2014,110,33207.7707129666,53.104351,20.80751,35.6,0.862,3188,1152297,0.00174781328077744
Cyprus,CYP,2015,120,34472.2985065115,60.1012306,20.70407,34.0,0.865,3188,1160987,0.00173559221593351
Cyprus,CYP,2016,120,36523.7332079973,67.1711121,20.78145,32.9,0.873,3188,1170189,0.00172279862483753
Cyprus,CYP,2017,140,38050.8577356233,75.9408112,,31.4,0.878,3188,1179685,0.00170977845780865
Cyprus,CYP,2018,130,39559.4879646749,81.3370819,,32.7,0.885,3188,1189262,0.0016968506519169
Cyprus,CYP,2019,145,40226.8094909879,88.4853287,,,0.887,3188,1198574,0.00168450174957908
Czech Republic,CZE,2014,35,34386.7049143977,65.6240997314453,20.03148,25.9,0.888,1017,10525347.0,0.000191347610677349
Czech Republic,CZE,2015,40,36168.4185553861,64.4816284179688,13.32785,25.9,0.891,1017,10546059.0,0.000191066634465064
Czech Republic,CZE,2016,45,37014.9592935816,63.7481307983398,12.59606,25.4,0.893,1017,10566332.0,0.000190794686367985
Czech Republic,CZE,2017,55,38824.8879170919,64.0786895751953,,24.9,0.896,1017,10594438.0,0.000190382916016876
Czech Republic,CZE,2018,70,39932.992193117,63.7687683105469,,25.0,0.898,1017,10629928.0,0.000189841361107996
Czech Republic,CZE,2019,75,40696.3104860197,65.5869827270508,,,0.9,1017,10671870.0,0.000189188961259835
Denmark,DNK,2014,20,52048.3354927846,81.0290832519531,30.68284,28.4,0.935,935,5643475.0,0.000356872317145021
Denmark,DNK,2015,20,52892.6460290247,82.1294937133789,,28.2,0.933,935,5683483.0,0.000354536118081113
Denmark,DNK,2016,25,54185.0084787703,81.0567474365234,,28.2,0.935,935,5728010.0,0.000351954692816528
Denmark,DNK,2017,30,55356.680780178,80.6160202026367,,28.7,0.936,935,5764980.0,0.000349871118373351
Denmark,DNK,2018,30,56281.2888680368,81.183349609375,,28.2,0.939,935,5793636.0,0.000348313218158683
Denmark,DNK,2019,30,57678.0988930692,81.8397598266602,,,0.94,935,5814422.0,0.000347240018010389
Ecuador,ECU,2014,10,12078.4743866036,,40.37434,45.0,0.756,9210,15951832.0,0.000126255090951309
Ecuador,ECU,2015,10,11896.3751614302,44.8922309875488,43.51374,46.0,0.764,9210,16212022.0,0.000124290480237444
Ecuador,ECU,2016,15,11551.6159731776,,,45.0,0.758,9210,16491116.0,0.000122247639274383
Ecuador,ECU,2017,10,11617.9122190573,,,44.7,0.76,9210,16785356.0,0.000120164266995588
Ecuador,ECU,2018,10,11561.747853143,47.597770690918,,45.4,0.762,9210,17084359.0,0.000118119737474493
Ecuador,ECU,2019,5,11370.603299072,47.9452285766602,,45.7,0.759,9210,17373657.0,0.000116210421329257
Egypt,EGY,2014,15,10353.6668042394,,,,0.685,3475,90424668,0.000022272683378832
Egypt,EGY,2015,20,10570.4452319757,,,,0.691,3475,92442549,0.0000217973219236955
Egypt,EGY,2016,25,10795.8087418385,,,,0.696,3475,94447071,0.0000213452887279056
Egypt,EGY,2017,35,11014.4864791744,,,,0.698,3475,96442590,0.0000209139966066859
Egypt,EGY,2018,35,11366.3355206681,,,,0.701,3475,98423602,0.0000205032122274899
Egypt,EGY,2019,30,11763.2532849551,,,,0.707,3475,100388076,0.0000201119503475692
Estonia,EST,2014,5,30602.5954941753,73.3077621459961,26.23038,34.6,0.871,1780,1314545.0,0.00153208904982332
Estonia,EST,2015,5,31146.7545222679,72.1676177978516,27.04369,32.7,0.877,1780,1315407.0,0.00153184527678506
Estonia,EST,2016,5,32130.3008763844,71.3904495239258,27.11812,31.2,0.881,1780,1315790.0,0.00153215938713625
Estonia,EST,2017,5,33856.1811147559,69.0459213256836,,30.4,0.885,1780,1317384.0,0.00153106459468158
Estonia,EST,2018,5,35208.0239637019,70.3654327392578,,30.3,0.889,1780,1321977.0,0.00152650159571611
Estonia,EST,2019,5,36830.0747898819,74.2319869995117,,,0.892,1780,1326898.0,0.00152159397331219
Finland,FIN,2014,20,44976.7764487708,88.8816604614258,27.91297,26.8,0.928,1827,5461512.0,0.000368762350059837
Finland,FIN,2015,20,45072.5902146238,87.6798706054688,26.69626,27.1,0.930,1827,5479531.0,0.000367732201898301
Finland,FIN,2016,20,46206.7878130494,86.9785232543945,26.54204,27.1,0.932,1827,5495303.0,0.000366858751919594
Finland,FIN,2017,20,47570.133583848,88.1978302001953,,27.4,0.935,1827,5508214.0,0.00036618039894601
Finland,FIN,2018,25,48130.2923921114,90.2617568969727,,27.3,0.937,1827,5515525.0,0.000365876321836996
Finland,FIN,2019,25,48689.2341509211,92.9550094604492,,,0.938,1827,5521606.0,0.000365654485307354
France,FRA,2014,295,43021.3946358903,61.5104789733887,,32.3,0.893,365,66312067.0,0.0000303715461018581
France,FRA,2015,370,43345.7864281559,62.7859306335449,,32.7,0.895,365,66548272.0,0.0000302787726779743
France,FRA,2016,420,43705.1475593257,64.7276763916016,,31.9,0.894,365,66724104.0,0.000030213968852995
France,FRA,2017,515,44577.0645745394,65.8022308349609,,31.6,0.897,365,66918020.0,0.0000301413580377901
France,FRA,2018,570,45251.9054105957,67.5435180664063,,32.4,0.898,365,67101930.0,0.0000300736506386627
France,FRA,2019,630,45834.1669122703,68.3579025268555,,,0.901,365,67248926.0,0.0000300227843043917
Georgia,GEO,2014,5,12254.6456549529,42.2809181213379,,37.6,0.783,3619,3719414.0,0.000541483147614113
Georgia,GEO,2015,5,12605.1400698178,46.481128692627,,36.5,0.790,3619,3725276.0,0.000540899519928188
Georgia,GEO,2018,5,14253.4089858441,60.3344497680664,,36.4,0.805,3619,3726549.0,0.000541519781438537
Georgia,GEO,2019,5,14989.2581602038,63.9155006408691,,35.9,0.812,3619,3720161.0,0.000542718446862918
Germany,DEU,2014,165,50770.6134878236,65.50390625,26.58781,30.9,0.937,927,80982500.0,0.0000248695705862378
Germany,DEU,2015,185,51083.9216615196,67.7468719482422,25.94906,31.7,0.938,927,81686611.0,0.0000246674451949047
Germany,DEU,2016,200,51803.2354226767,69.5805892944336,25.98579,31.9,0.941,927,82348669.0,0.0000244812700008545
Germany,DEU,2017,235,52952.8750212389,70.2466506958008,,,0.943,927,82657002.0,0.0000244020464231209
Germany,DEU,2018,245,53463.4014817389,70.342643737793,,,0.946,927,82905782.0,0.0000243408837275065
Germany,DEU,2019,235,53639.26072156,73.5210571289063,,,0.947,927,83092962.0,0.0000242980867621496
Ghana,GHA,2018,5,5177.88398862782,15.6917695999146,,,0.606,5112,29767108.0,0.0000677929478402806
Ghana,GHA,2019,5,5396.86608780051,17.2329692840576,,,0.611,5112,30417858.0,0.0000663754824550762
Gibraltar,GIB,2014,5,,,,,,2929,33726.0,0.059716539168594
Gibraltar,GIB,2015,5,,,,,,2929,33742.0,0.0597178590480707
Gibraltar,GIB,2016,5,,,,,,2929,33738.0,0.059754579406011
Gibraltar,GIB,2017,5,,,,,,2929,33723.0,0.0598108116122528
Gibraltar,GIB,2019,5,,,,,,2929,33706.0,0.0599003144840681
Greece,GRC,2014,85,28178.6902062824,122.402000427246,,35.8,0.875,2342,10892413.0,0.000184899342322036
Greece,GRC,2015,90,28248.1259561464,,,36.0,0.877,2342,10820883.0,0.000186214008598004
Greece,GRC,2016,90,28226.9072784414,131.540863037109,,35.0,0.874,2342,10775971.0,0.000187082908816291
Greece,GRC,2017,90,28645.0436174422,136.602569580078,,34.4,0.879,2342,10754679.0,0.000187546276369569
Greece,GRC,2018,115,29150.6944922443,142.852035522461,,32.9,0.881,2342,10732882.0,0.000188020328556673
Greece,GRC,2019,95,29723.2219580446,148.530883789063,,,0.888,2342,10721582.0,0.000188311762200765
Hong Kong,HKG,2014,570,56359.2989916423,69.291748,29.23212,,0.926,9562,7229500,0.000278580814717477
Hong Kong,HKG,2015,590,57215.948033846,69.543808,29.5277,,0.93,9562,7291300,0.000276356753939627
Hong Kong,HKG,2016,615,58096.2992560876,72.3381271,30.43803,,0.936,9562,7336600,0.000274786685930813
Hong Kong,HKG,2017,690,59849.2481763342,74.3342514,28.4948,,0.941,9562,7391700,0.000272873628529296
Hong Kong,HKG,2018,700,61062.9476532626,76.9222336,29.3868,,0.946,9562,7451000,0.000270836129378607
Hong Kong,HKG,2019,760,59586.2040065092,80.9841003,,,0.949,9562,7507400,0.000268934651144204
Hungary,HUN,2014,65,26424.7204043413,52.015869140625,16.44862,30.9,0.838,1449,9866468.0,0.000204125731720814
Hungary,HUN,2015,90,27499.3244662857,48.9621391296387,14.33275,30.4,0.842,1449,9843028.0,0.000204713427615973
Hungary,HUN,2016,110,28170.8213622975,48.0388603210449,16.07903,30.3,0.844,1449,9814023.0,0.000205420345968213
Hungary,HUN,2017,120,29465.1262413898,48.5003814697266,,30.6,0.846,1449,9787966.0,0.000206069371307583
Hungary,HUN,2018,155,31095.557503677,50.3065299987793,,29.6,0.85,1449,9775564.0,0.000206433101967314
Hungary,HUN,2019,150,32553.5236997988,52.4446487426758,,,0.854,1449,9771141.0,0.000206628888069469
India,IND,2014,75,5116.62910485036,25.4321308135986,,,0.616,6747,1295600768.0,0.00000155449120573538
India,IND,2015,95,5464.39405731664,26.7689895629883,,,0.624,6747,1310152392.0,0.00000153798902502023
India,IND,2016,105,5851.3948804932,26.8292198181152,,,0.630,6747,1324517250.0,0.00000152206398217917
India,IND,2017,120,6182.92210857473,27.4421291351318,,,0.64,6747,1338676779.0,0.00000150671172581832
India,IND,2018,130,6518.84505546914,28.0605506896973,,,0.642,6747,1352642283.0,0.00000149189480867352
India,IND,2019,145,6713.93221110733,28.5729007720947,,,0.645,6747,1366417756.0,0.00000147758618558232
Indonesia,IDN,2014,25,9801.16628336906,30.8957595825195,15.05278,39.4,0.690,11683,255128076.0,0.0000078940743471918
Indonesia,IDN,2015,35,10149.6038700252,33.2507209777832,15.80023,39.7,0.695,11683,258383257.0,0.00000779849291860269
Indonesia,IDN,2016,35,10531.1109693569,35.4373588562012,,38.6,0.703,11683,261556386.0,0.00000770770704868204
Indonesia,IDN,2017,40,10935.6317158256,36.4444389343262,,38.1,0.707,11683,264650969.0,0.00000762135883205476
Indonesia,IDN,2018,45,11371.7255560847,36.3110389709473,,37.8,0.712,11683,267670549.0,0.00000753911854531295
Indonesia,IDN,2019,55,11811.9755589147,,,38.2,0.718,11683,270625567.0,0.00000746049245228925
Iran,IRN,2014,15,13038.5550641113,,,,0.774,4422,77465769,0.0000259985800954225
Iran,IRN,2015,25,12698.1091975659,,,,0.774,4422,78492208,0.0000256713379753567
Iran,IRN,2016,25,14205.2116338951,,,,0.784,4422,79563991,0.0000253380954708519
Iran,IRN,2017,25,14535.8735778483,,,,0.787,4422,80673888,0.0000250018940453198
Iran,IRN,2018,30,13471.8606376875,,,,0.785,4422,81800204,0.0000246698651264977
Iran,IRN,2019,30,12389.2233504388,,,,0.783,4422,82913893,0.0000243505633006522
Ireland,IRL,2014,10,58267.4122658082,73.813232421875,20.84728,31.9,0.928,496,4657740.0,0.000432398545217208
Ireland,IRL,2015,10,72251.1535363159,77.2321472167969,23.3454,31.8,0.935,496,4701957.0,0.000428544965426098
Ireland,IRL,2016,15,72864.4891443774,77.5571365356445,19.58165,32.8,0.943,496,4755335.0,0.00042394489557518
Ireland,IRL,2017,10,78655.6261932149,77.7806167602539,,31.4,0.947,496,4807388.0,0.000419562556631585
Ireland,IRL,2018,15,84303.3408922937,77.2828826904297,,,0.951,496,4867316.0,0.000414602216087881
Ireland,IRL,2019,15,87786.1569266174,75.1799392700195,,,0.955,496,4934340.0,0.000409173263293571
Israel,ISR,2014,10,37474.8491839878,66.9425201416016,15.06281,39.8,0.909,3525,8215700.0,0.00024514040191341
Israel,ISR,2015,5,37554.5986562961,65.4868927001953,16.23448,,0.910,3525,8380100.0,0.000240450591281727
Israel,ISR,2016,10,38234.7244825066,64.9001998901367,15.15743,39.0,0.913,3525,8546000.0,0.000235899836180669
Israel,ISR,2017,10,38833.9734252986,63.3546905517578,,,0.913,3525,8713300.0,0.000231485200785007
Israel,ISR,2018,10,39418.3453068224,61.4768714904785,,,0.916,3525,8882800.0,0.000227180618723826
Israel,ISR,2019,10,40007.3191584114,60.3251991271973,,,0.919,3525,9054000.0,0.000222995361166335
Italy,ITA,2014,145,39898.5264609826,61.702751159668,19.58569,34.7,0.882,1464,60789140.0,0.0000331309177922241
Italy,ITA,2015,165,40247.8290437942,60.9394607543945,18.59916,35.4,0.882,1464,60730582.0,0.0000331793296497636
Italy,ITA,2016,215,40837.7376281437,60.937328338623,19.11673,35.2,0.884,1464,60627498.0,0.0000332522381180896
Italy,ITA,2017,260,41581.120790548,61.9329986572266,,35.9,0.886,1464,60536709.0,0.0000333186265543441
Italy,ITA,2018,275,42052.5563822519,64.291618347168,,,0.89,1464,60421760.0,0.0000333985636962578
Italy,ITA,2019,270,42662.5223699096,66.0515975952148,,,0.892,1464,59729081.0,0.0000338026295767049
Jamaica,JAM,2016,5,9553.09619583089,,18.22901,,0.731,7555,2906242.0,0.000693679328837722
Japan,JPN,2014,50,39255.278446443,,20.76276,,0.906,9654,127276000.0,0.0000158238788145448
Japan,JPN,2015,40,39777.5310167672,,,,0.908,9654,127141000.0,0.0000158485461023588
Japan,JPN,2016,45,40031.270764058,63.5844383239746,19.79765,,0.912,9654,126994511.0,0.0000158747018601458
Japan,JPN,2017,60,40966.5932189946,63.8070411682129,,,0.915,9654,126785797.0,0.0000159087220156056
Japan,JPN,2018,60,41182.3802046593,64.1038436889648,,,0.917,9654,126529100.0,0.0000159489002925019
Japan,JPN,2019,70,41380.0935773113,,,,0.919,9654,126264931.0,0.0000159901881227813
Jordan,JOR,2014,15,10284.6700959691,,,,0.729,3674,8918822.0,0.000225814575063837
Jordan,JOR,2015,15,10145.8366996846,36.6310005187988,,,0.730,3674,9266573.0,0.000217448241113516
Jordan,JOR,2016,10,10036.5436154339,35.5839309692383,19.93532,,0.729,3674,9554286.0,0.000211004778379044
Jordan,JOR,2017,10,10003.5749827297,31.1404094696045,18.53475,,0.726,3674,9785840.0,0.000206114140431481
Jordan,JOR,2018,10,10013.3976633388,34.4153213500977,22.74788,,0.728,3674,9965322.0,0.000202502237258365
Jordan,JOR,2019,15,10071.379888314,33.0608711242676,,,0.729,3674,10101697.0,0.000199867408416625
Kazakhstan,KAZ,2014,20,24355.7561188887,48.8043212890625,,27.0,0.798,5628,17288285.0,0.00011649507166269
Kazakhstan,KAZ,2015,25,24290.4176339265,46.3735084533691,15.25645,26.8,0.806,5628,17542806.0,0.000114861898375893
Kazakhstan,KAZ,2016,30,24210.8629616382,46.6161193847656,11.64466,27.2,0.808,5628,17794055.0,0.00011329626664636
Kazakhstan,KAZ,2017,30,24862.9661245889,50.1461791992188,10.56175,27.5,0.815,5628,18037776.0,0.000111820880800382
Kazakhstan,KAZ,2018,25,25544.3447563035,53.9882507324219,9.38161,27.8,0.819,5628,18276452.0,0.000110415303801854
Kazakhstan,KAZ,2019,20,26351.8044418782,61.7497596740723,,,0.825,5628,18513673.0,0.000109054534991517
Kenya,KEN,2014,25,3709.15256291153,,13.70252,,0.580,6740,46700063.0,0.0000431262801508426
Kenya,KEN,2015,20,3824.75930317654,9.22955989837646,13.07397,40.8,0.587,6740,47878339.0,0.0000420858376060205
Kenya,KEN,2016,20,3952.75813183016,11.4267301559448,,,0.591,6740,49051531.0,0.0000410996345863292
Kenya,KEN,2017,20,4046.23477111755,11.4647102355957,,,0.595,6740,50221146.0,0.0000401623650722745
Kenya,KEN,2018,20,4203.83827267811,,,,0.599,6740,51392570.0,0.0000392663764431318
Kenya,KEN,2019,20,4329.87188383259,10.0383996963501,,,0.601,6740,52573967.0,0.0000384030370011835
Kosovo,KEN,2014,5,9214.40621002182,,,27.3,,1702,1812771.0,0.00111100629919609
Kuwait,KWT,2014,5,56647.4374166362,51.0297012329102,,,0.796,4639,3690939.0,0.00054566060289807
Kuwait,KWT,2015,5,54834.3916726177,55.1483306884766,,,0.801,4639,3835588.0,0.000525343180758726
Kuwait,KWT,2016,5,54708.9797919819,57.2853202819824,,,0.804,4639,3956862.0,0.000509494644998992
Kuwait,KWT,2017,5,50855.5528597544,55.3605003356934,,,0.805,4639,4056102.0,0.000497275462993781
Kuwait,KWT,2018,10,50478.5875050676,54.3641395568848,,,0.807,4639,4137314.0,0.000487756065892026
Kuwait,KWT,2019,10,49853.7362805684,55.3075485229492,,,0.806,4639,4207077.0,0.000479905644702961
Latvia,LVA,2014,10,25387.0076467731,70.8979415893555,21.31183,35.1,0.845,1670,1993782.0,0.00101014052689813
Latvia,LVA,2015,10,26621.2722286526,74.2998809814453,22.0921,34.2,0.849,1670,1977527.0,0.00101894942521644
Latvia,LVA,2016,10,27503.1773004104,80.6048126220703,16.04117,34.3,0.854,1670,1959537.0,0.00102881445974228
Latvia,LVA,2017,10,28650.0077575999,88.0574264526367,,35.6,0.859,1670,1942248.0,0.00103848736103731
Latvia,LVA,2018,15,30036.0865499334,93.0244827270508,,35.1,0.863,1670,1927174.0,0.00104712911236868
Latvia,LVA,2019,10,30858.750074744,94.8645324707031,,,0.866,1670,1913822.0,0.00105495704407202
Lebanon,LBN,2014,20,16970.4361679142,,,,0.748,3481,6261046.0,0.000321671490674242
Lebanon,LBN,2015,20,16299.2077629854,,,,0.744,3481,6532681.0,0.000308449165051837
Lebanon,LBN,2016,40,16100.9227973306,,,,0.741,3481,6714281.0,0.000300255529966649
Lebanon,LBN,2017,45,15987.6543351696,,,,0.748,3481,6819373.0,0.000295774992803591
Lebanon,LBN,2018,50,15588.1528714896,,,,0.747,3481,6859408.0,0.000294194484421979
Lebanon,LBN,2019,40,14551.5937122886,,,,0.744,3481,6855709.0,0.000294499080984913
Lithuania,LTU,2014,20,29855.8314910326,70.4006118774414,29.6144,37.7,0.859,1734,2932367.0,0.000686817168519493
Lithuania,LTU,2015,25,30748.1963109529,69.7405395507813,27.85941,37.4,0.862,1734,2904910.0,0.000693653159650385
Lithuania,LTU,2016,25,31925.8034212317,71.118522644043,20.5208,38.4,0.867,1734,2868231.0,0.000702872258196777
Lithuania,LTU,2017,35,33761.871239796,72.4174575805664,,37.3,0.873,1734,2828403.0,0.000713123271330146
Lithuania,LTU,2018,45,35427.4618636641,73.7303009033203,,35.7,0.876,1734,2801543.0,0.000720317339409033
Lithuania,LTU,2019,65,37062.5867515036,72.0089721679688,,,0.882,1734,2794137.0,0.000722584468835995
Luxembourg,LUX,2014,15,108414.751923468,,12.64924,31.2,0.903,449,556319.0,0.00362022508668588
Luxembourg,LUX,2015,15,110446.086101647,19.776309967041,13.10114,32.9,0.906,449,569604.0,0.00353754538240602
Luxembourg,LUX,2016,15,113035.834714458,19.5639305114746,,31.7,0.910,449,582014.0,0.00346383420330095
Luxembourg,LUX,2017,15,112308.17379315,19.1517696380615,,34.5,0.913,449,596336.0,0.00338232137586864
Luxembourg,LUX,2018,20,113589.670473448,18.5904693603516,,35.4,0.913,449,607950.0,0.00331935192038819
Luxembourg,LUX,2019,25,113940.23744151,18.4300003051758,,,0.916,449,620001.0,0.00325644636057039
Macao,MAC,2014,15,155201.39960521,,42.72576,,,9541,590210,0.00341234475864523
Macao,MAC,2015,25,119439.768338955,,42.19713,,,9541,602093,0.00334665907094087
Macao,MAC,2016,30,116556.788348295,,39.27335,,,9541,612824,0.00328968839340496
Macao,MAC,2017,35,126183.676088526,,37.1216,,,9541,622578,0.00323975469740338
Macao,MAC,2018,45,132416.8028844,,,,,9541,631633,0.0031948932370538
Macao,MAC,2019,45,127161.499444924,,,,,9541,640446,0.00315249060810748
Madagascar,MDG,2016,5,1565.86755310165,4.82550001144409,0.00583,,0.523,8963,24894370.0,0.0000809821658471373
Madagascar,MDG,2017,5,1584.42447526047,5.28453016281128,0.0058,,0.526,8963,25570511.0,0.0000788799253953118
Malaysia,MYS,2014,420,23906.2285804437,39.5085716247559,,,0.791,10538,29866606.0,0.0000674331726879177
Malaysia,MYS,2015,495,24787.8237457166,45.5927085876465,,41.1,0.796,10538,30270965.0,0.000066565436549512
Malaysia,MYS,2016,535,25541.7705112243,46.7621002197266,23.3901,,0.800,10538,30684652.0,0.0000657005984620585
Malaysia,MYS,2017,525,26661.5074160333,43.7151794433594,20.9924,,0.805,10538,31104655.0,0.0000648455994769915
Malaysia,MYS,2018,510,27558.1369502408,45.1253890991211,21.34708,,0.805,10538,31528033.0,0.000064006530315418
Malaysia,MYS,2019,490,28364.4763211606,43.0616111755371,,,0.81,10538,31949789.0,0.0000631929055932106
Maldives,MDV,2014,5,17568.4099061804,13.0836496353149,12.8541,,0.718,10538,435018.0,0.00462969348394779
Maldives,MDV,2015,5,17284.6478941089,,12.74716,,0.724,10538,454914.0,0.00442940863547835
Maldives,MDV,2016,5,17584.1475352396,,20.58919,31.3,0.728,10538,475505.0,0.00423970305254414
Maldives,MDV,2017,5,18058.5810797009,31.2235908508301,,,0.731,10538,496398.0,0.00406327181012011
Malta,MLT,2014,5,37230.2783945938,44.3358383178711,19.26899,29.0,0.874,2044,434558.0,0.00463459423137993
Malta,MLT,2015,5,39845.1145672313,47.1225814819336,25.33087,29.4,0.880,2044,445053.0,0.00452755065127075
Malta,MLT,2016,5,40536.7181783198,48.6034088134766,,29.1,0.885,2044,455356.0,0.00442730522931509
Malta,MLT,2017,5,42644.0508459903,54.2599182128906,,29.2,0.888,2044,467999.0,0.00430983826888519
Mauritius,MUS,2014,25,19240.2247080161,39.1263084411621,7.05953,,0.789,9677,1260934.0,0.00159722872093226
Mauritius,MUS,2015,15,19897.4753965644,37.4152793884277,6.82223,,0.789,9677,1262605.0,0.00159590687507178
Mauritius,MUS,2016,15,20646.9330000973,38.8485298156738,6.35365,,0.794,9677,1263473.0,0.00159560196379345
Mauritius,MUS,2017,10,21415.1161096211,40.5960388183594,5.86204,36.8,0.797,9677,1264613.0,0.00159495434571683
Mauritius,MUS,2018,20,22208.1381171868,41.5999794006348,6.42423,,0.801,9677,1265303.0,0.00159487490348162
Mauritius,MUS,2019,20,22870.2862495308,44.391529083252,,,0.804,9677,1265711.0,0.00159515086777313
Mexico,MEX,2014,5,18887.5674432127,31.0941390991211,21.32413,48.7,0.761,8956,120355137.0,0.0000167338100408627
Mexico,MEX,2015,5,19268.9143963283,31.8190402984619,21.47549,,0.766,8956,121858251.0,0.0000165356057834771
Mexico,MEX,2016,5,19539.2612488443,38.4333801269531,21.091,46.3,0.768,8956,123333379.0,0.0000163459398935304
Mexico,MEX,2017,10,19721.2609759241,40.2289581298828,,,0.771,8956,124777326.0,0.0000161647958379874
Mexico,MEX,2018,10,19928.3956618582,41.5228004455566,,45.4,0.776,8956,126190782.0,0.0000159916593590806
Mexico,MEX,2019,10,19701.337669842,42.8306999206543,,,0.779,8956,127575529.0,0.000015825919091427
Monaco,MCO,2014,5,,,,,,977,37320.0,0.0539657020364416
Monaco,MCO,2015,5,,,,,,977,37723.0,0.0534156880417782
Monaco,MCO,2016,5,,,,,,977,38070.0,0.0529550827423168
Monaco,MCO,2017,5,,,,,,977,38392.0,0.0525369868722651
Monaco,MCO,2018,5,,,,,,977,38682.0,0.0521689674784137
Monaco,MCO,2019,5,,,,,,977,38967.0,0.0518130725998922
Mongolia,MNG,2016,5,10940.4186480461,64.0191802978516,10.96171,32.3,0.729,7059,3056358.0,0.00065960859297242
Mongolia,MNG,2017,5,11311.7611259291,64.1636199951172,6.40868,,0.728,7059,3113788.0,0.000647764073854739
Mongolia,MNG,2018,5,11915.5567471637,65.5954437255859,,32.7,0.735,7059,3170214.0,0.000636550087785872
Mongolia,MNG,2019,5,12316.7913725436,68.7535171508789,,,0.737,7059,3225166.0,0.000626014288876914
Montenegro,MNE,2016,5,18797.9056157308,56.8452911376953,,38.5,0.818,1733,622303.0,0.00323957943317002
Montenegro,MNE,2018,5,20686.5759142606,56.0809707641602,,,0.826,1733,622227.0,0.00324318938265295
Montenegro,MNE,2019,5,21533.949235748,54.1748199462891,,,0.829,1733,622028.0,0.00324583459265499
Morocco,MNE,2014,10,6912.17800214842,25.3326301574707,,,0.652,2074,34192358.0,0.0000589020505693114
Morocco,MAR,2015,20,7126.67058575575,28.4035491943359,,,0.658,2074,34663608.0,0.0000581301288659853
Morocco,MAR,2016,25,7106.24124906058,31.9865798950195,,,0.667,2074,35126274.0,0.0000573929361252492
Morocco,‘MAR,2017,30,7312.05677903856,33.7846794128418,,,0.673,2074,35581257.0,0.0000566871485175468
Morocco,‘MAR,2018,40,7446.93622037578,35.9359283447266,,,0.68,2074,36029089.0,0.0000560102976791892
Morocco,‘MAR,2019,35,7537.48527234118,38.5453300476074,,,0.686,2074,36471766.0,0.0000553578897166647
Mozambique,MOZ,2017,5,1283.65986980986,7.12271022796631,,,0.446,9138,28649007.0,0.0000704038363354095
Mozambique,MOZ,2018,5,1289.73594800556,7.31255006790161,,,0.452,9138,29496009.0,0.0000684160355389097
Mozambique,MOZ,2019,5,1281.50604143547,,,,0.456,9138,30366043.0,0.0000664887420465024
Myanmar,MMR,2014,5,4020.03667693095,,,,0.55,9028,52280816,0.0000385227346107222
Myanmar,MMR,2015,10,4268.5006767951,,,38.1,0.557,9028,52680724,0.0000382492845011014
Myanmar,MMR,2016,10,4482.92679957997,,,,0.563,9028,53045199,0.0000380053244780927
Myanmar,MMR,2017,10,4739.91544500094,,11.2799,30.7,0.572,9028,53382521,0.0000377839030869299
Myanmar,MMR,2018,10,5029.1880858737,18.8159409,14.7764,,0.579,9028,53708318,0.0000375733233723685
Myanmar,MMR,2019,10,5082.50316102148,,14.6293,,0.583,9028,54045422,0.0000373574657257741
Nepal,NPL,2016,5,3315.8144141419,11.6235103607178,,,0.586,7373,27263430.0,0.0000739452079213804
Nepal,NPL,2017,5,3565.19780740052,11.5912303924561,,,0.588,7373,27632682.0,0.0000729932765845892
Nepal,NPL,2018,5,3773.71591761441,12.4108600616455,,,0.596,7373,28095712.0,0.0000718259070992755
Netherlands,NLD,2014,35,52186.9973861206,,,28.6,0.932,340,16865008.0,0.000119418858265588
Netherlands,NLD,2015,50,52974.1162200949,80.5699234008789,30.12593,28.2,0.934,340,16939923.0,0.000118949773266384
Netherlands,NLD,2016,50,53847.8265545448,80.3648376464844,31.92546,28.2,0.936,340,17030314.0,0.000118377147949239
Netherlands,NLD,2017,60,55088.6338006744,84.9804534912109,,28.5,0.939,340,17131296.0,0.000117737735662264
Netherlands,NLD,2018,60,56060.9136269404,87.0978469848633,,28.1,0.942,340,17231624.0,0.000117110261923078
Netherlands,NLD,2019,60,56629.110793233,,,,0.944,340,17344874.0,0.000116403267040164
New Zealand,NZL,2014,5,40432.2414789733,77.9813003540039,24.94879,,0.916,18817,4516500.0,0.000445920513672091
New Zealand,NZL,2015,5,41086.1153021682,80.5633773803711,25.56619,,0.921,18817,4609400.0,0.000437150171388901
New Zealand,NZL,2016,5,41672.1012399483,81.770393371582,23.73553,,0.924,18817,4714100.0,0.000427653210581023
New Zealand,NZL,2017,10,42285.319902666,82.0332183837891,,,0.926,18817,4813600.0,0.000419021106863886
New Zealand,NZL,2018,15,42866.1272276586,82.9830322265625,,,0.928,18817,4900600.0,0.000411786311880178
New Zealand,NZL,2019,20,42877.9429107086,80.3025512695313,,,0.931,18817,4979300.0,0.000405478681742414
Nigeria,NGA,2014,50,5516.38559753258,,,,0.523,5009,176404931.0,0.0000114169144172053
Nigeria,NGA,2015,40,5514.77027265177,,,,0.526,5009,181137454.0,0.0000111241488466543
Nigeria,NGA,2016,35,5284.89322799694,,,,0.526,5009,185960244.0,0.0000108410268594829
Nigeria,NGA,2017,35,5190.35612668836,,,,0.531,5009,190873247.0,0.0000105672221314494
Nigeria,NGA,2018,35,5155.07599367409,,,35.1,0.534,5009,195874685.0,0.0000103025054003278
Nigeria,NGA,2019,30,5135.49946875343,,,,0.539,5009,200963603.0,0.0000100465953528908
North Macedonia,MKD,2014,5,14524.1946989175,38.3270111083984,,35.2,0.755,1906,2077780.0,0.000969303776145694
North Macedonia,MKD,2015,5,15072.9475418471,41.1433296203613,,35.6,0.761,1906,2079335.0,0.000969059819605787
North Macedonia,MKD,2016,5,15491.7435930236,,,34.5,0.765,1906,2080746.0,0.000968883275517531
North Macedonia,MKD,2017,5,15649.9274193472,42.4599800109863,,34.2,0.767,1906,2081996.0,0.000968781880464708
North Macedonia,MKD,2018,5,16093.3104230501,43.1165008544922,,33.0,0.77,1906,2082957.0,0.000968815006742818
North Macedonia,MKD,2019,5,16600.1436488516,,,,0.774,1906,2083458.0,0.000969062011329242
Norway,NOR,2014,35,62390.1497031613,77.5435028076172,28.57301,26.8,0.944,1114,5137232.0,0.000392039915658861
Norway,NOR,2015,35,62987.5358625454,77.9589385986328,25.905,27.5,0.947,1114,5188607.0,0.000388350861801636
Norway,NOR,2016,30,63104.1003947269,80.5465393066406,26.72475,28.5,0.950,1114,5234519.0,0.000385135673401892
Norway,NOR,2017,30,64050.7561654656,81.9923477172852,,27.0,0.954,1114,5276968.0,0.000382227066755
Norway,NOR,2018,30,64341.2589026158,83.0172576904297,,27.6,0.956,1114,5311916.0,0.000379900585777335
Norway,NOR,2019,30,64452.812617024,83.2306900024414,,,0.957,1114,5347896.0,0.000377531649830139
Oman,OMN,2014,5,30530.4993089424,34.5551910400391,,,0.802,5840,4027255.0,0.000500092494763803
Oman,OMN,2015,10,30146.9560518823,39.2326393127441,,,0.814,5840,4267341.0,0.00047219099668857
Oman,OMN,2016,10,30184.8701587714,44.0544891357422,,,0.815,5840,4479217.0,0.000450078663302091
Oman,OMN,2017,10,29077.3635995539,38.1280097961426,,,0.819,5840,4665926.0,0.000432282895185222
Oman,OMN,2018,5,28350.9435298546,38.0362091064453,,,0.813,5840,4829476.0,0.000417850715067225
Pakistan,PAK,2014,50,4171.29183022323,9.65985012054443,22.32371,,0.530,6061,195305012.0,0.0000103120753501195
Pakistan,PAK,2015,50,4278.34666284049,9.2258996963501,22.78857,32.6,0.536,6061,199426953.0,0.0000101039501917276
Pakistan,PAK,2016,55,4421.58192929723,9.03273963928223,22.20075,,0.542,6061,203631356.0,0.00000990024345759403
Pakistan,PAK,2017,60,4571.20507840804,9.34891986846924,22.11033,,0.55,6061,207906210.0,0.00000970148991701595
Pakistan,PAK,2018,65,4739.47271266276,8.95841979980469,,31.6,0.552,6061,212228288.0,0.00000950862874604162
Pakistan,PAK,2019,60,4690.48477660926,12.2206401824951,,,0.557,6061,216565317.0,0.00000932282245360646
Peru,PER,2014,5,11877.0789320691,,14.22039,43.1,0.760,10163,30090372.0,0.0000669317082553848
Peru,PER,2015,10,12110.2668971421,,16.08268,43.4,0.759,10163,30470739.0,0.0000661290164311407
Peru,PER,2016,10,12403.6871416862,71.1329879760742,16.97907,43.6,0.765,10163,30926036.0,0.0000651877919303981
Peru,PER,2017,10,12506.5293750586,70.7378616333008,16.66902,43.3,0.767,10163,31444299.0,0.0000641451730248463
Peru,PER,2018,5,12781.4164435302,,15.77045,42.4,0.771,10163,31989265.0,0.000063083662597437
Peru,PER,2019,5,12853.6920747721,,,41.5,0.777,10163,32510462.0,0.0000621030854621506
Philippines,PHL,2014,5,6973.6389092765,35.6268882751465,,,0.696,10790,100513137.0,0.0000200371818063941
Philippines,PHL,2015,10,7300.13621040525,,,44.6,0.701,10790,102113206.0,0.0000197330010380832
Philippines,PHL,2016,10,7705.05376971311,,,,0.704,10790,103663812.0,0.0000194474808624634
Philippines,PHL,2017,10,8120.86879329703,35.4754600524902,,,0.708,10790,105172921.0,0.0000191779402989102
Philippines,PHL,2018,10,8516.13654897274,,,42.3,0.711,10790,106651394.0,0.0000189214591981798
Philippines,PHL,2019,15,8914.72379820449,,,,0.718,10790,108116622.0,0.0000186742793351424
Poland,POL,2014,145,26649.577276004,68.4471664428711,24.09996,32.8,0.858,1450,38011735.0,0.0000529836378160586
Poland,POL,2015,145,27797.0584233597,66.9461517333984,25.2831,31.8,0.863,1450,37986412.0,0.0000530452836661699
Poland,POL,2016,180,28682.6939326326,67.0045471191406,22.84284,31.2,0.869,1450,37970087.0,0.0000530944266732915
Poland,POL,2017,195,30064.5034841771,67.8274383544922,,29.7,0.873,1450,37974826.0,0.0000531141340845117
Poland,POL,2018,190,31674.1316243417,68.6201019287109,,30.2,0.877,1450,37974750.0,0.0000531405736706627
Poland,POL,2019,190,33120.517844588,69.1840286254883,,,0.88,1450,37965475.0,0.000053179895681537
Portugal,PRT,2014,15,30444.6002091947,65.5035705566406,17.82687,35.6,0.847,1618,10401062.0,0.000193634073135993
Portugal,PRT,2015,20,31118.7906703279,61.7563285827637,18.30429,35.5,0.854,1618,10358076.0,0.000194534197277564
Portugal,PRT,2016,30,31847.5377347647,63.2556495666504,,35.2,0.855,1618,10325452.0,0.000195245689970764
Portugal,PRT,2017,35,33044.7167387479,63.9358100891113,,33.8,0.858,1618,10300300.0,0.000195819539236721
Portugal,PRT,2018,45,34040.7255617749,65.6626586914063,,33.5,0.86,1618,10283822.0,0.000196230545413952
Portugal,PRT,2019,45,34879.7059746537,67.9307022094727,,,0.864,1618,10286263.0,0.000196281195610106
Qatar,QAT,2014,5,95578.2615108733,13.5804395675659,,,0.835,5142,2459202.0,0.000818964851199698
Qatar,QAT,2015,5,95965.2512366176,14.7012901306152,,,0.839,5142,2565708.0,0.000785358271479062
Qatar,QAT,2016,10,95601.8073141158,15.6427602767944,,,0.845,5142,2654379.0,0.000759499679586073
Qatar,QAT,2017,5,91738.7527899469,16.6273307800293,,,0.848,5142,2724727.0,0.000740257647830406
Qatar,QAT,2018,5,90970.0609016321,17.8699207305908,,,0.845,5142,2781682.0,0.000725460350967508
Qatar,QAT,2019,5,90043.7990029688,18.9489994049072,,,0.848,5142,2832071.0,0.000712905855820705
Romania,ROU,2014,125,23084.3747760397,47.1371002197266,21.64806,36.0,0.811,2087,19908979.0,0.00010116038597459
Romania,ROU,2015,185,23878.1885373067,46.7266883850098,21.16444,35.9,0.815,2087,19815616.0,0.000101687477189707
Romania,ROU,2016,260,25145.0133479761,48.240608215332,23.77858,34.4,0.820,2087,19702267.0,0.000102323250415802
Romania,ROU,2017,285,27141.9193326803,49.3818702697754,,36.0,0.821,2087,19588715.0,0.000102967448349726
Romania,ROU,2018,290,28523.4731832065,51.0125389099121,,35.8,0.823,2087,19473970.0,0.000103625506252706
Romania,ROU,2019,260,29857.6464700842,51.3538208007813,,,0.828,2087,19371648.0,0.000104224483120899
Russia,RUS,2014,130,26057.1553085019,,,,0.807,2512,143819667,0.0000140036480546155
Russia,RUS,2015,135,25488.0961196394,,,,0.809,2512,144096870,0.000013983648638586
Russia,RUS,2016,130,25490.7082574641,,,,0.815,2512,144342397,0.0000139667903672128
Russia,RUS,2017,145,25926.4438539743,,,,0.82,2512,144496739,0.0000139587925233385
Russia,RUS,2018,150,26656.4095416865,,,,0.823,2512,144477859,0.0000139675380986923
Russia,RUS,2019,150,27210.5459977867,,,,0.824,2512,144406261,0.0000139813882446551
Saudi Arabia,SAU,2014,20,48209.1373331596,58.2967300415039,,,0.852,4966,30916603.0,0.0000651429912917664
Saudi Arabia,SAU,2015,15,48921.2152517247,61.0563507080078,,,0.859,4966,31717676.0,0.0000635292447025438
Saudi Arabia,SAU,2016,15,48625.8438167915,67.3355102539063,,,0.859,4966,32443443.0,0.0000621389043080292
Saudi Arabia,SAU,2017,15,47306.222319502,69.6983184814453,,,0.852,4966,33101183.0,0.0000609343780855204
Saudi Arabia,SAU,2018,20,47592.7671473292,68.0398864746094,,,0.854,4966,33702757.0,0.0000598764071437835
Saudi Arabia,SAU,2019,25,46962.147688222,70.90087890625,,,0.854,4966,34268529.0,0.0000589170314255392
Serbia,SRB,2014,10,15226.3201716299,58.0549697875977,,40.5,0.784,1702,7130576.0,0.000282445625711023
Serbia,SRB,2015,10,15578.2028500791,58.2876892089844,30.11539,40.5,0.789,1702,7095383.0,0.000283987488765582
Serbia,SRB,2016,15,16182.8216850199,62.1369705200195,28.90675,38.8,0.795,1702,7058322.0,0.000285620293321841
Serbia,SRB,2017,15,16611.0168589401,66.4867401123047,29.93024,36.2,0.798,1702,7020858.0,0.000287286824487833
Serbia,SRB,2018,10,17452.7958990327,67.1586608886719,,,0.803,1702,6982604.0,0.000289003930338882
Serbia,SRB,2019,5,18292.175030713,67.7898406982422,,,0.806,1702,6945235.0,0.000290702906381138
Singapore,SGP,2014,525,87959.4167487017,,,,0.926,10860,5469724.0,0.000368208706691599
Singapore,SGP,2015,510,89519.7357100565,,,,0.931,10860,5535002.0,0.000364046842259497
Singapore,SGP,2016,500,91307.5036202199,83.9409790039063,,,0.935,10860,5607283.0,0.000359532415253519
Singapore,SGP,2017,530,95350.4356748021,84.7929077148438,,,0.933,10860,5612253.0,0.000359392208441066
Singapore,SGP,2018,535,98222.846041782,88.8864517211914,,,0.936,10860,5638676.0,0.000357885432679586
Singapore,SGP,2019,540,98411.5820616053,91.0889892578125,,,0.938,10860,5703569.0,0.000353988879594514
Slovakia,SVK,2014,30,27384.9718145418,,,,0.847,1268,5418649,0.000371679361405398
Slovakia,SVK,2015,45,28676.2656111842,,,,0.850,1268,5423801,0.000371510680425038
Slovakia,SVK,2016,70,29250.1180428621,,,,0.853,1268,5430798,0.00037121616381239
Slovakia,SVK,2017,70,30077.8455329271,,,,0.855,1268,5439232,0.000370824410505012
Slovakia,SVK,2018,70,31132.5729674338,,,,0.858,1268,5446771,0.000370494738993066
Slovakia,SVK,2019,65,31871.3349174843,,,,0.86,1268,5454147,0.000370177041432877
Slovenia,SVN,2014,15,33098.9441619924,82.2311325073242,19.76357,25.7,0.894,1192,2061980.0,0.000976731103114482
Slovenia,SVN,2015,15,33805.030045384,80.260986328125,19.86943,25.4,0.894,1192,2063531.0,0.000976481574543828
Slovenia,SVN,2016,15,34858.5119502257,77.8490829467773,19.74007,24.8,0.900,1192,2065042.0,0.000976251330481414
Slovenia,SVN,2017,15,36505.6772178798,78.588996887207,,24.2,0.907,1192,2066388.0,0.000976099357913422
Slovenia,SVN,2018,15,37968.3520620285,77.1131210327148,,24.6,0.912,1192,2073894.0,0.000973048767198324
Slovenia,SVN,2019,15,38905.5478569196,77.8827667236328,,,0.917,1192,2088385.0,0.000966775762131982
South Africa,ZAF,2017,5,12701.3489331232,22.3660297393799,14.36148,,0.705,8897,57009751.0,0.0000353799124644484
South Africa,ZAF,2018,5,12627.9285840445,23.8019599914551,15.25153,,0.707,8897,57792520.0,0.0000349180136114501
South Africa,ZAF,2019,10,12481.8135074777,23.8665599822998,,,0.709,8897,58558267.0,0.0000344784793580042
South Korea,ZAF,2014,115,37967.475617995,94.8520508,,31.2,0.904,8926,50746659,0.000039687341781456
South Korea,ZAF,2015,125,38828.7409976118,94.3398438,,,0.907,8926,51014947,0.0000394982278429104
South Korea,ZAF,2016,155,39814.6589279289,94.0336227,20.44728,31.4,0.91,8926,51217803,0.0000393613134870311
South Korea,ZAF,2017,185,40957.4180587145,94.3496933,,,0.912,8926,51361911,0.0000392703456847624
South Korea,ZAF,2018,195,41948.3460057222,95.864151,,,0.914,8926,51606633,0.0000391035005131995
South Korea,ZAF,2019,220,42719.0002563009,98.4461899,,,0.916,8926,51709098,0.0000390453532954684
Spain,ESP,2014,110,35968.6201369865,85.4462738037109,22.49025,36.1,0.888,1258,46480882.0,0.0000433296424968872
Spain,ESP,2015,140,37377.068016704,85.6117782592773,22.35801,36.2,0.895,1258,46444832.0,0.0000433848054397096
Spain,ESP,2016,180,38477.5791805612,86.5160827636719,21.79022,35.8,0.899,1258,46484062.0,0.0000433697037922374
Spain,ESP,2017,230,39528.9253872668,88.8530120849609,,34.7,0.903,1258,46593236.0,0.0000432895452893635
Spain,ESP,2018,270,40312.5475864011,91.1125717163086,,34.7,0.905,1258,46797754.0,0.0000431217275940209
Spain,ESP,2019,275,40805.9169678996,92.8823471069336,,,0.904,1258,47133521.0,0.000042835755894409
Sri Lanka,LKA,2014,15,11428.1079039311,19.2456398010254,20.16606,,0.773,8753,20778000.0,0.0000969294446048705
Sri Lanka,LKA,2015,10,11890.5165276211,19.7583694458008,19.38278,,0.776,8753,20970000.0,0.0000960896518836433
Sri Lanka,LKA,2016,15,12287.4730695098,18.8381099700928,12.12355,39.3,0.773,8753,21203000.0,0.0000950808847804556
Sri Lanka,LKA,2017,10,12584.1047924776,18.9611701965332,12.96432,,0.775,8753,21444000.0,0.0000940589442268234
Sri Lanka,LKA,2018,15,12860.3208303539,19.6302394866943,20.74192,,0.779,8753,21670000.0,0.0000931241347485002
Sri Lanka,LKA,2019,15,13070.1256448919,21.1277008056641,,,0.782,8753,21803000.0,0.0000926019355134615
Sweden,SWE,2014,70,49258.9961639539,62.180591583252,25.27111,28.4,0.935,1433,9696110.0,0.000207712164981627
Sweden,SWE,2015,65,50928.962975552,62.2824783325195,24.91335,29.2,0.938,1433,9799186.0,0.000205629324721462
Sweden,SWE,2016,55,51334.4320301641,63.5480194091797,24.08663,29.6,0.940,1433,9923085.0,0.000203162625332747
Sweden,SWE,2017,50,51947.9542478244,66.9882431030273,,28.8,0.942,1433,10057698.0,0.000200542907532121
Sweden,SWE,2018,50,52349.2924275599,72.4611663818359,,30.0,0.943,1433,10175214.0,0.00019832506716812
Sweden,SWE,2019,45,52531.1743768398,77.3291091918945,,,0.945,1433,10278887.0,0.000196422044526805
Switzerland,CHE,2014,65,67682.6861750714,57.2297210693359,26.37799,32.5,0.942,761,8188649.0,0.000245950217184788
Switzerland,CHE,2015,80,68025.9200383988,57.7073516845703,26.2626,32.3,0.947,761,8282396.0,0.000243287087456335
Switzerland,CHE,2016,90,68663.2438230835,58.0469512939453,26.00316,33.0,0.947,761,8373338.0,0.000240764197026323
Switzerland,CHE,2017,110,69103.570264696,59.56298828125,,32.7,0.949,761,8451840.0,0.000238646259276087
Switzerland,CHE,2018,120,70663.4875973954,61.3774490356445,,33.1,0.955,761,8514329.0,0.000237012217874127
Switzerland,CHE,2019,145,70920.3247255393,63.3080596923828,,,0.955,761,8575280.0,0.000235444207069623
Syria,SYR,2014,5,,41.5804291,,,0.556,3538,18710711,0.000107638881280353
Taiwan,TWN,2014,30,,,,,,9804,,
Taiwan,TWN,2015,35,,,,,,9804,,
Taiwan,TWN,2016,40,,,,,,9804,,
Taiwan,TWN,2017,45,,,,,,9804,,
Taiwan,TWN,2018,45,,,,,,9804,,
Taiwan,TWN,2019,45,,,,,,9804,,
Tanzania,TZA,2015,5,2354.13898543629,4.01015996932983,,,0.514,7366,51482638.0,0.0000391394085128272
Tanzania,TZA,2016,5,2441.63694514804,4.07056999206543,,,0.514,7366,53049231.0,0.0000380024358882789
Thailand,THA,2014,70,15854.1318583817,50.180061340332,,37.0,0.742,9579,68438748.0,0.0000294277738686862
Thailand,THA,2015,85,16285.3865749723,,,36.0,0.749,9579,68714519.0,0.0000293242247682764
Thailand,THA,2016,85,16782.0986705337,49.2868118286133,,36.9,0.756,9579,68971313.0,0.0000292295435930008
Thailand,THA,2017,100,17422.9523512059,,,36.5,0.765,9579,69209817.0,0.0000291432644591446
Thailand,THA,2018,110,18095.7365704368,,,36.4,0.772,9579,69428454.0,0.0000290658927822302
Thailand,THA,2019,120,18453.4698218155,,,34.9,0.777,9579,69625581.0,0.000028997962688455
Trinidad and Tobago,TTO,2014,20,28796.559068824,,,,0.785,7109,1362337.0,0.00147834199614339
Trinidad and Tobago,TTO,2015,30,29053.3347831462,,,,0.792,7109,1370332.0,0.00147044657790959
Trinidad and Tobago,TTO,2016,25,27281.8582564754,,,,0.792,7109,1377563.0,0.00146345394003759
Trinidad and Tobago,TTO,2017,25,26342.6166624768,,,,0.795,7109,1384060.0,0.00145730676415762
Trinidad and Tobago,TTO,2018,25,26250.3722429394,,,,0.795,7109,1389841.0,0.00145196464919368
Trinidad and Tobago,TTO,2019,20,25827.8850703571,,,,0.796,7109,1394969.0,0.00144734399115679
Tunisia,TUN,2014,5,10498.849670465,35.3342094421387,,,0.726,1842,11063195.0,0.000182045060219946
Tunisia,TUN,2016,5,10524.9135954983,32.8153610229492,,,0.731,1842,11303942.0,0.000178344864119083
Tunisia,TUN,2017,5,10605.2948839809,32.1493797302246,,,0.734,1842,11433438.0,0.000176412379198628
Tunisia,TUN,2018,10,10763.7297838206,31.7465190887451,,,0.738,1842,11565203.0,0.000174488938931725
Tunisia,TUN,2019,10,10755.5726608392,31.8472690582275,,,0.74,1842,11694721.0,0.000172641998043391
Turkey,TUR,2014,25,24881.7277916793,,,41.2,0.796,2855,77229262.0,0.0000260781981834813
Turkey,TUR,2015,30,25958.6407622392,,,42.9,0.801,2855,78529413.0,0.0000256591756263351
Turkey,TUR,2016,35,26385.0019383343,,,41.9,0.808,2855,79827868.0,0.000025254338497428
Turkey,TUR,2017,45,27913.8187158996,,,41.4,0.814,2855,81116451.0,0.0000248654862871158
Turkey,TUR,2018,80,28312.6834243604,113.217071533203,,41.9,0.817,2855,82340090.0,0.0000245081102048832
Turkey,TUR,2019,115,28199.0515906708,115.042060852051,,41.9,0.82,2855,83429607.0,0.0000242000420785873
Uganda,UGA,2014,5,2022.29482007632,4.83663988113403,16.29501,,0.519,6432,36911530.0,0.0000545628967425626
Uganda,UGA,2015,5,2054.09044873783,5.22475004196167,,,0.525,6432,38225447.0,0.0000527135758543255
Uganda,UGA,2017,5,2074.65243576542,,,,0.532,6432,41166588.0,0.0000489960450450739
Uganda,UGA,2018,5,2121.96781993514,,,,0.538,6432,42729032.0,0.0000472278426527425
Uganda,UGA,2019,5,2187.46522731754,,,,0.544,6432,44269587.0,0.0000456069310066073
Ukraine,UKR,2014,35,12408.95159807,82.6711807250977,31.51813,24.0,0.771,2130,45272155.0,0.0000444865061095501
Ukraine,UKR,2015,35,11237.0744571217,,,25.5,0.765,2130,45154036.0,0.000044625025324425
Ukraine,UKR,2016,30,11534.6380017777,,30.4587,25.0,0.768,2130,45004673.0,0.0000447953482519471
Ukraine,UKR,2017,25,11871.1236240918,,24.99049,26.0,0.771,2130,44831135.0,0.0000449910536505489
Ukraine,UKR,2018,25,12338.0024454764,,,26.1,0.774,2130,44622518.0,0.0000452238038203044
Ukraine,UKR,2019,20,12808.7989991273,,,26.6,0.779,2130,44386203.0,0.0000454871077843716
United Arab Emirates,ARE,2014,40,62378.6100477921,,,,0.847,5484,9214182.0,0.00021857610366281
United Arab Emirates,ARE,2015,40,65218.8204340815,,,,0.859,5484,9262896.0,0.000217534559386179
United Arab Emirates,ARE,2016,45,66510.9029855157,,,,0.864,5484,9360975.0,0.000215362181824009
United Arab Emirates,ARE,2017,60,67183.6053111678,,,,0.881,5484,9487206.0,0.000212602108565999
United Arab Emirates,ARE,2018,70,66968.2211775042,,,26.0,0.889,5484,9630966.0,0.000209532460191428
United Arab Emirates,ARE,2019,75,67119.153244137,52.6069793701172,,,0.89,5484,9770526.0,0.000206641894203035
United States,USA,2014,125,57213.2678405623,88.6268692016602,27.50228,41.5,0.920,5932,318386329.0,0.00000632564848599388
United States,USA,2015,115,58540.2960929977,88.8894119262695,,41.2,0.921,5932,320738994.0,0.0000062823667770187
United States,USA,2016,95,59112.2422096532,88.8350524902344,,41.1,0.922,5932,323071755.0,0.00000624009981931104
United States,USA,2017,110,60109.6557260477,88.1673889160156,,41.2,0.924,5932,325122128.0,0.00000620382258324786
United States,USA,2018,140,61585.7560382102,88.2991790771484,,41.4,0.925,5932,326838199.0,0.00000617430889710661
United States,USA,2019,175,62630.8732765742,87.8887100219727,,,0.926,5932,328329953.0,0.0000061493018883964
Uzbekistan,UZB,2019,5,7014.32469877717,12.5820302963257,,,0.72,5247,33580350.0,0.0000601244477797283
Vietnam,VNM,2014,60,6098.53914798804,30.7154998779297,,34.8,0.683,10194,91713850.0,0.0000219596058828628
Vietnam,VNM,2015,60,6438.25985369358,29.0734596252441,,,0.688,10194,92677082.0,0.0000217421605915473
Vietnam,VNM,2016,50,6767.77883209752,28.5449695587158,,35.3,0.693,10194,93640435.0,0.0000215291609869177
Vietnam,VNM,2017,45,7155.4431870997,,,,0.696,10194,94600643.0,0.0000213212081444309
Vietnam,VNM,2018,40,7585.94315504036,,,35.7,0.7,10194,95545959.0,0.0000211207257860063
Vietnam,VNM,2019,35,8041.17838409676,28.6399803161621,,,0.704,10194,96462108.0,0.0000209304984294973
Zambia,ZMB,2015,5,3443.55325404862,,11.83535,57.1,0.569,7845,15879370.0,0.000126894202981604
Zambia,ZMB,2016,5,3467.88744782793,,12.33514,,0.571,7845,16363449.0,0.000123201410656152
Zambia,ZMB,2017,5,3485.02178024575,,8.91604,,0.578,7845,16853608.0,0.000119677638165074
Zimbabwe,ZWE,2014,5,3195.76796979947,,16.83207,,0.547,8144,13586710.0,0.000148233089541177
Zimbabwe,ZWE,2015,5,3198.982128793,10.0065498352051,,,0.553,8144,13814642.0,0.00014585973346251
Zimbabwe,ZWE,2016,5,3173.61082862955,8.17144012451172,,,0.558,8144,14030338.0,0.000143688626745842
Zimbabwe,ZWE,2017,5,3274.6111982423,8.87594985961914,,44.3,0.563,8144,14236599.0,0.000141677095772663
Zimbabwe,ZWE,2018,5,3341.66541766316,,,,0.569,8144,14438812.0,0.000139762190961417